{
	"info": {
		"_postman_id": "2ced8635-72c8-4e86-8b2c-54094524465a",
		"name": "localhost",
		"schema": "https://schema.getpostman.com/json/collection/v2.1.0/collection.json",
		"_exporter_id": "36747859"
	},
	"item": [
		{
			"name": "savePerson",
			"request": {
				"method": "POST",
				"header": [],
				"body": {
					"mode": "raw",
					"raw": "        {\n            \"documentType\": \"DNI\",\n            \"documentNumber\": 30397352,\n            \"countryCode\" : \"PY\",\n            \"gender\":\"F\",\n            \"name\":\"Laura\",\n            \"lastName\":\"Peña\",\n            \"email\":\"larape@gmail.com\",\n            \"bornDate\":\"1983-07-14\"\n            \n        }\n",
					"options": {
						"raw": {
							"language": "json"
						}
					}
				},
				"url": {
					"raw": "http://localhost:5000/person/save",
					"protocol": "http",
					"host": [
						"localhost"
					],
					"port": "5000",
					"path": [
						"person",
						"save"
					]
				}
			},
			"response": []
		},
		{
			"name": "updatePerson (with id)",
			"request": {
				"method": "POST",
				"header": [],
				"body": {
					"mode": "raw",
					"raw": "        {\n            \"id\" : 302,\n            \"documentType\": \"DNI\",\n            \"documentNumber\": 27434786,\n            \"countryCode\" : \"AR\",\n            \"gender\":\"M\",\n            \"name\":\"Leandro\",\n            \"lastName\":\"Mourino\",\n            \"email\":\"lmourio@gmail.com\",\n            \"bornDate\":\"2022-12-11\"\n            \n        }\n",
					"options": {
						"raw": {
							"language": "json"
						}
					}
				},
				"url": {
					"raw": "http://localhost:5000/person/save",
					"protocol": "http",
					"host": [
						"localhost"
					],
					"port": "5000",
					"path": [
						"person",
						"save"
					]
				}
			},
			"response": []
		},
		{
			"name": "deletePerson",
			"request": {
				"method": "POST",
				"header": [],
				"body": {
					"mode": "raw",
					"raw": "        {\n            \"id\" : 352,\n            \"documentType\": \"DNI\",\n            \"documentNumber\": 27434786,\n            \"countryCode\" : \"AR\",\n            \"gender\":\"M\",\n            \"name\":\"Leandro\",\n            \"lastName\":\"Mouriño\",\n            \"email\":\"lmourio@gmail.com\",\n            \"bornDate\":\"1979-12-11\"\n            \n        }\n",
					"options": {
						"raw": {
							"language": "json"
						}
					}
				},
				"url": {
					"raw": "http://localhost:5000/person/delete",
					"protocol": "http",
					"host": [
						"localhost"
					],
					"port": "5000",
					"path": [
						"person",
						"delete"
					]
				}
			},
			"response": []
		},
		{
			"name": "saveRelation",
			"request": {
				"method": "POST",
				"header": [],
				"body": {
					"mode": "raw",
					"raw": "",
					"options": {
						"raw": {
							"language": "json"
						}
					}
				},
				"url": {
					"raw": "http://localhost:5000/person/relation/353/parent/402/1",
					"protocol": "http",
					"host": [
						"localhost"
					],
					"port": "5000",
					"path": [
						"person",
						"relation",
						"353",
						"parent",
						"402",
						"1"
					]
				}
			},
			"response": []
		},
		{
			"name": "getRelation",
			"protocolProfileBehavior": {
				"disableBodyPruning": true
			},
			"request": {
				"method": "GET",
				"header": [],
				"body": {
					"mode": "raw",
					"raw": "",
					"options": {
						"raw": {
							"language": "json"
						}
					}
				},
				"url": {
					"raw": "http://localhost:5000/person/relation/353/402",
					"protocol": "http",
					"host": [
						"localhost"
					],
					"port": "5000",
					"path": [
						"person",
						"relation",
						"353",
						"402"
					]
				}
			},
			"response": []
		},
		{
			"name": "getAll",
			"protocolProfileBehavior": {
				"disableBodyPruning": true
			},
			"request": {
				"method": "GET",
				"header": [],
				"body": {
					"mode": "formdata",
					"formdata": []
				},
				"url": {
					"raw": "http://localhost:5000/person/all",
					"protocol": "http",
					"host": [
						"localhost"
					],
					"port": "5000",
					"path": [
						"person",
						"all"
					]
				}
			},
			"response": []
		},
		{
			"name": "getById",
			"protocolProfileBehavior": {
				"disableBodyPruning": true
			},
			"request": {
				"method": "GET",
				"header": [],
				"body": {
					"mode": "raw",
					"raw": "",
					"options": {
						"raw": {
							"language": "text"
						}
					}
				},
				"url": {
					"raw": "http://localhost:5000/person/byid?id=402",
					"protocol": "http",
					"host": [
						"localhost"
					],
					"port": "5000",
					"path": [
						"person",
						"byid"
					],
					"query": [
						{
							"key": "id",
							"value": "402"
						}
					]
				}
			},
			"response": []
		},
		{
			"name": "getStatistics",
			"protocolProfileBehavior": {
				"disableBodyPruning": true
			},
			"request": {
				"method": "GET",
				"header": [],
				"body": {
					"mode": "raw",
					"raw": "",
					"options": {
						"raw": {
							"language": "json"
						}
					}
				},
				"url": {
					"raw": "http://localhost:5000/person/statistics",
					"protocol": "http",
					"host": [
						"localhost"
					],
					"port": "5000",
					"path": [
						"person",
						"statistics"
					]
				}
			},
			"response": []
		}
	]
}